owner_id,owner_username,shortcode,is_video,comments,likes,created_at,location,imageUrl,multiple_images
4157413134,fit_trio,BOzaJgKD5Xq,True,8,338,1483448731,,https://instagram.fgye30-1.fna.fbcdn.net/v/t51.2885-15/15876394_1602530756722927_9018073811286753280_n.jpg?stp=dst-jpg_e15&_nc_ht=instagram.fgye30-1.fna.fbcdn.net&_nc_cat=107&_nc_ohc=mvsViDoclxkAX9p5B_D&edm=AOQ1c0wBAAAA&ccb=7-5&oh=00_AfBpFlA808CRQvoMNeWQKxrBc87yOxL7AuA9SnKGCTqjUA&oe=65E55D46&_nc_sid=8b3546,False
4157413134,fit_trio,BOzZ2ReDkqu,True,5,302,1483448574,,https://instagram.fgye30-1.fna.fbcdn.net/v/t51.2885-15/15625451_1246865648713168_1405534855139164160_n.jpg?stp=dst-jpg_e15&_nc_ht=instagram.fgye30-1.fna.fbcdn.net&_nc_cat=104&_nc_ohc=pXzDHMjJixkAX-XgDEg&edm=AOQ1c0wBAAAA&ccb=7-5&oh=00_AfA3XMJcNpqYVLt8SevJEeNuyXtKXgG1LCrOAEJM9d2BBg&oe=65E591B7&_nc_sid=8b3546,False
4157413134,fit_trio,BOzZq_zDHLV,True,1,164,1483448481,,https://instagram.fgye30-1.fna.fbcdn.net/v/t51.2885-15/15624310_146990839123411_8227006827536056320_n.jpg?stp=dst-jpg_e15&_nc_ht=instagram.fgye30-1.fna.fbcdn.net&_nc_cat=107&_nc_ohc=WxafDGB1MMIAX8VzG_R&edm=AOQ1c0wBAAAA&ccb=7-5&oh=00_AfD619TdCxiJY7zsG52rBHy8_K2hPwm3FQ4VoEM_uBcjCQ&oe=65E5568F&_nc_sid=8b3546,False
4157413134,fit_trio,BOzZkL9DAhK,True,0,171,1483448425,,https://instagram.fgye30-1.fna.fbcdn.net/v/t51.2885-15/15625072_1880516855515564_9095280628730953728_n.jpg?stp=dst-jpg_e15&_nc_ht=instagram.fgye30-1.fna.fbcdn.net&_nc_cat=104&_nc_ohc=8mKzOaE4Bd4AX9HDjgv&edm=AOQ1c0wBAAAA&ccb=7-5&oh=00_AfDcA4RLQieYGtnItqRDg5_0Md_j-JrdrsuevJygBNsd5A&oe=65E58458&_nc_sid=8b3546,False
4157413134,fit_trio,BOzZgbYD1Ep,True,0,182,1483448395,,https://instagram.fgye30-1.fna.fbcdn.net/v/t51.2885-15/15803181_1847716352164615_5645014274641231872_n.jpg?stp=dst-jpg_e15&_nc_ht=instagram.fgye30-1.fna.fbcdn.net&_nc_cat=107&_nc_ohc=lL4JQ6V9-UkAX9Thu-q&edm=AOQ1c0wBAAAA&ccb=7-5&oh=00_AfC6jszNnNyuLCAdNocn6Hi7KHcZxJG0vv_XM3OiQpltyA&oe=65E54256&_nc_sid=8b3546,False
4157413134,fit_trio,BOzZb_tDkJd,True,0,203,1483448358,,https://instagram.fgye30-1.fna.fbcdn.net/v/t51.2885-15/15802464_328120164255016_2891976354285223936_n.jpg?stp=dst-jpg_e15&_nc_ht=instagram.fgye30-1.fna.fbcdn.net&_nc_cat=104&_nc_ohc=gq-ZgyLwHNAAX_ndyyn&edm=AOQ1c0wBAAAA&ccb=7-5&oh=00_AfA-dlr3bl7atY7HPoxisM0NQtgeotASdtj7s7xDE9oBog&oe=65E5745A&_nc_sid=8b3546,False
4157413134,fit_trio,BN4-FMxDAlS,True,6,146,1481487859,,https://instagram.fgye30-1.fna.fbcdn.net/v/t51.2885-15/15338500_122204328271242_2942496134737690624_n.jpg?stp=dst-jpg_e15&_nc_ht=instagram.fgye30-1.fna.fbcdn.net&_nc_cat=106&_nc_ohc=jJ-gfSly20IAX9NjLGu&edm=AOQ1c0wBAAAA&ccb=7-5&oh=00_AfCCCm-mofbdwlU0OYS6ERqch98U6qeJctGlB91AwVfmEw&oe=65E57348&_nc_sid=8b3546,False
4157413134,fit_trio,BN491_hD9G0,True,0,159,1481487734,,https://instagram.fgye30-1.fna.fbcdn.net/v/t51.2885-15/14482275_1454731811234165_7450670963135348736_n.jpg?stp=dst-jpg_e15&_nc_ht=instagram.fgye30-1.fna.fbcdn.net&_nc_cat=105&_nc_ohc=1tGgz-v5Nt8AX_Qgm3a&edm=AOQ1c0wBAAAA&ccb=7-5&oh=00_AfCZAXD_MSKYApLaTfyIjiZLQ06am4s6fHpqehaO6J1v2A&oe=65E53D46&_nc_sid=8b3546,False
4157413134,fit_trio,BN490s0jFlE,True,0,122,1481487724,,https://instagram.fgye30-1.fna.fbcdn.net/v/t51.2885-15/15403569_555138398017654_7461150777826869248_n.jpg?stp=dst-jpg_e15&_nc_ht=instagram.fgye30-1.fna.fbcdn.net&_nc_cat=110&_nc_ohc=js_wtCtIMmYAX-4L41C&edm=AOQ1c0wBAAAA&ccb=7-5&oh=00_AfDIYgZTf5-ERkn5nssQjCKEstMhXkfEF1Ig47eMOJYKCw&oe=65E546D2&_nc_sid=8b3546,False
4157413134,fit_trio,BN49z4qjSFL,True,0,147,1481487717,,https://instagram.fgye30-1.fna.fbcdn.net/v/t51.2885-15/15403560_568255670035644_4452088276408336384_n.jpg?stp=dst-jpg_e15&_nc_ht=instagram.fgye30-1.fna.fbcdn.net&_nc_cat=100&_nc_ohc=zGLJdT45F8sAX_wHaaF&edm=AOQ1c0wBAAAA&ccb=7-5&oh=00_AfDohqLUVV4ZEGEPGhPhb_epPET1WFaxGGUDl8Hu1iOTpA&oe=65E51C43&_nc_sid=8b3546,False
4157413134,fit_trio,BN49y6ZjBDL,True,0,125,1481487709,,https://instagram.fgye30-1.fna.fbcdn.net/v/t51.2885-15/15258596_352659941775883_9079971093250310144_n.jpg?stp=dst-jpg_e15&_nc_ht=instagram.fgye30-1.fna.fbcdn.net&_nc_cat=107&_nc_ohc=tfAmH5taFooAX-9o1Z6&edm=AOQ1c0wBAAAA&ccb=7-5&oh=00_AfDFabeYczSiZ-V99OGczIRdrAXRbAGpdhVfhLmNOPXDIw&oe=65E5552F&_nc_sid=8b3546,False
4157413134,fit_trio,BN48KDfDuFL,True,2,111,1481486850,,https://instagram.fgye30-1.fna.fbcdn.net/v/t51.2885-15/10424574_229460434147520_2717698255134654464_n.jpg?stp=dst-jpg_e15&_nc_ht=instagram.fgye30-1.fna.fbcdn.net&_nc_cat=108&_nc_ohc=3zsMbpHnfJwAX-JUiqp&edm=AOQ1c0wBAAAA&ccb=7-5&oh=00_AfBeTTcBKn8uaVbDhcvzNwzyLTG-i_pmNrHh4YqAwik90g&oe=65E5A265&_nc_sid=8b3546,False
