owner_id,owner_username,shortcode,is_video,caption,comments,likes,created_at,location,imageUrl,multiple_images
7854583041,pipilottirist,BjUZwVIAHGP,False,Her name was inspired by Pippi  longetocking.,1,161,1527505494,,https://instagram.flba2-1.fna.fbcdn.net/v/t51.2885-15/32280131_237388407033307_5813295985266262016_n.jpg?stp=dst-jpg_e35&_nc_ht=instagram.flba2-1.fna.fbcdn.net&_nc_cat=107&_nc_ohc=0qnE_ABg9ucAX-B_RAL&edm=AOQ1c0wBAAAA&ccb=7-5&oh=00_AfBGI2v-H6_9yCy8RiNAPjnT2gytWAv-_JZA0QWQPJlehg&oe=65EB3AFC&_nc_sid=8b3546,False
7854583041,pipilottirist,BjUY2KPAkNA,False,"She came to Brazil in 2010.
She did some art exhibition.",2,245,1527505018,,https://instagram.flba2-1.fna.fbcdn.net/v/t51.2885-15/32624075_604181443277989_3548505342914592768_n.jpg?stp=dst-jpg_e35&_nc_ht=instagram.flba2-1.fna.fbcdn.net&_nc_cat=101&_nc_ohc=WMYOrvTASoMAX-8VEQv&edm=AOQ1c0wBAAAA&ccb=7-5&oh=00_AfCUyu_V4tHeeZiQpAzXhxHpwiRIsJlfAHK9G-mk7iv1vw&oe=65EAA500&_nc_sid=8b3546,False
7854583041,pipilottirist,BjNidLJAICW,False,She works with visual arts does projects and some visual arts classes.,2,140,1527275175,,https://instagram.flba2-1.fna.fbcdn.net/v/t51.2885-15/31714754_636414603365871_612775607029202944_n.jpg?stp=dst-jpg_e35&_nc_ht=instagram.flba2-1.fna.fbcdn.net&_nc_cat=103&_nc_ohc=XnMAYAkLP-4AX8-LxDN&edm=AOQ1c0wBAAAA&ccb=7-5&oh=00_AfC-704ueS1jLg4vs1HHxl0cdRECbmiXMqmbtNVHsTI_2w&oe=65EB005C&_nc_sid=8b3546,False
7854583041,pipilottirist,BjNTSTWA0WI,False,"This is Pipilotti, she has short and blond hair.",6,177,1527267221,,https://instagram.flba2-1.fna.fbcdn.net/v/t51.2885-15/32160696_2558536184172575_4370377807797157888_n.jpg?stp=dst-jpg_e35&_nc_ht=instagram.flba2-1.fna.fbcdn.net&_nc_cat=111&_nc_ohc=MLzhAFtuuZcAX_1-5gA&edm=AOQ1c0wBAAAA&ccb=7-5&oh=00_AfAM8OT96am13882uXzW6sYVWOO_n9k4-lP-diKlzyll2g&oe=65EA06DB&_nc_sid=8b3546,False
7854583041,pipilottirist,BjNSRskg94T,False,"This is an art of Pipilotti, one of her most famous arts. 
The name is Pixel Forest",1,265,1527266692,,https://instagram.flba2-1.fna.fbcdn.net/v/t51.2885-15/32047433_256974518198511_68545865567961088_n.jpg?stp=dst-jpg_e35&_nc_ht=instagram.flba2-1.fna.fbcdn.net&_nc_cat=103&_nc_ohc=-kjb7NNs884AX8PvJkh&edm=AOQ1c0wBAAAA&ccb=7-5&oh=00_AfB7pRHKPFS5OxwcW8L237QdHLnbD87iVbLx-qNCS9isxA&oe=65EAF8C0&_nc_sid=8b3546,False
7854583041,pipilottirist,BjM1uB3gvvv,False,"This is her family 
She has one son.
His name Himalaya Roth .",1,143,1527251720,,https://instagram.flba2-1.fna.fbcdn.net/v/t51.2885-15/32344883_375319309540551_6086829460072431616_n.jpg?stp=dst-jpg_e35&_nc_ht=instagram.flba2-1.fna.fbcdn.net&_nc_cat=103&_nc_ohc=xQWNaEUOwJcAX9kk1mS&edm=AOQ1c0wBAAAA&ccb=7-5&oh=00_AfCHvPgkr4FVNCST1StoFj1KViLopRl7lumKgI6dTQCybw&oe=65EA934E&_nc_sid=8b3546,False
7854583041,pipilottirist,BjMz7b3A2RC,False,This is an art of Pipilotti Rist called: ART&TRAM,0,162,1527250781,,https://instagram.flba2-1.fna.fbcdn.net/v/t51.2885-15/32487945_1779920902059260_5834716447460294656_n.jpg?stp=dst-jpg_e35&_nc_ht=instagram.flba2-1.fna.fbcdn.net&_nc_cat=108&_nc_ohc=FzSOg3oE4NsAX-O0ifQ&edm=AOQ1c0wBAAAA&ccb=7-5&oh=00_AfAGWhJ1jwDG3DdbqYwQeTh4BfyWay9Hs8et5Ja6veR1xQ&oe=65EA7F90&_nc_sid=8b3546,False
